index,file,duplicate_of,line,ext,bytes,sha256,alt,class
"1","image-01.jpg","","2649","jpg","86074","b117d9258f558d377944f991cf04aab6d9aa94c00e779e743e054ec664bb7cc5","Blockless插件",""
"2","image-02.jpg","","2655","jpg","127708","a84ac15fb886f1827c746f9c161cb5d956f7f03e62e3d31f8d42cd0346f6e986","upypi仓库",""
"3","image-03.jpg","","2659","jpg","97639","cc7fce3e977179c8d02830be03188b9bd8654c5b6c85087bb4ecf21b5b87c82d","MicroPythonOS",""
"4","image-04.jpg","","2665","jpg","97748","8349d678ad5a375b7969b91ab65a36fcda417336269fc5964cb4359076d674e0","驱动README",""
"5","image-05.jpg","","2669","jpg","98924","1198bbfd895598ce4d712ac674ced02034abbac60d090eeefd3511270e5819a0","upystore",""
"6","image-06.jpg","","2772","jpg","265213","604a43019f520119a146e5a8137051fe5278745d841f5675174cda4e7df3318f","150+模块库",""
"7","image-07.jpg","","2778","jpg","397642","49084e2f6651d2627be9cc64ee422e12605b943c2ca8e5b0cdca2cecb6c32eb0","用友UV检测仪PCB",""
"8","image-08.jpg","","2784","jpg","294111","b2dc3cd514c700652f6adc8815a21efd07b0bcc57bb20593c1bce7860cb5be88","内部Wiki文档",""
"9","image-09.jpg","","2880","jpg","129955","25771ee4f3f7d0d5bb39dce0935a6da7ea7e29f0783fd6fe52eb9a007cbc74e2","参数化壳体模型",""
"10","image-10.jpg","","2886","jpg","218385","3b0a43babbaa1fe44b11045ad928b5e66a2a5d5b45efd71736809d9601658264","Demo实物",""
"11","image-11.jpg","","3870","jpg","11279","27abd2bf74b295b9c2e42687428709e55a1c905b1ce5100993cc8742b7b872c7","Chris Wu","team-avatar"
"12","image-12.jpg","","3893","jpg","184419","fe755a4469706b9d8be5b72b6f5fb700b1ab13a245554a0e99ada32d29bf133d","李子圣","team-avatar"
"13","image-13.jpg","","3916","jpg","66402","8a57499b3d82d56dc13db7facf386784abbb5b916e322626ab30bfadc6736748","Ali Elang","team-avatar"
"14","image-14.jpg","","3938","jpg","87921","a369ccae1b79fd720065e525ab1d311853195c2d094ae99bddb455fc64a3e849","辛瑞莉","team-avatar"
"15","image-15.jpg","","3998","jpg","43455","d3fdcfc1dd965fa8026642f7005bc4660be05bedd2666148ebcac1c7ad4a3a33","中北大学",""
"16","image-16.jpg","","3999","jpg","101460","bc75e9d16a7aec5dfce0d165ec761a88fc43ec5405e2cbaa5cfd2483be26acfa","晋中理工学院",""
"17","image-17.jpg","","4000","jpg","99673","8271df20ae06fc767eacb23cbc5d2a1b0f0fab3d5197fea3ab98e636d6fd3253","山西师范大学",""
"18","image-18.jpg","","4001","jpg","109994","1d34e735fd80cf8d0e272040b1751edb8f65585fdadea07c410c863ba41d407a","山西大学",""
"19","image-19.jpg","","4002","jpg","156578","554a9f61fd4d33860afcb3589537f169bcd66c14a4ec189586c08e33e2a38025","广西城市职业大学",""
"20","image-20.jpg","","4007","jpg","209925","b6a470c5be3fcc006f53abff9d524e03fc0fff29a1c9f57d3b0f956b6b541e49","实验室建设",""
"21","image-21.jpg","","4011","jpg","157586","63380a7bb05af41be4de0ab4ecf6270e624e4390baf7cfbddd23d44f1b3bf12f","定制机器人",""
"22","image-22.jpg","","4015","jpg","264391","58085188e503ccd8973dea39015f5a6c9ee6b1e2b09e984d214f6f290c8e1761","竞赛培训",""
"23","image-23.jpg","","4019","jpg","82652","b7de3aff13fb47998de98e2c9015d85c6270708a4ede8471ebf459d5a2369ec2","校企合作",""
"24","image-24.jpg","","4025","jpg","107067","e6f58a683d2fd55c0819fda1ae067fbaa7421ac20f9776f24bfc9b40a79d287e","合作协议",""
"25","image-25.jpg","","4029","jpg","194388","fc221733d14e5a59da4ce6857aa4861012d464119edc4d134c1ec159fc4af46d","交付图",""
"26","image-26.jpg","","4046","jpg","132463","8540a779376cbe8056e6465ccba566884a2e37c2d59b0e6fced685d42ac8618f","用友供应商",""
"27","image-27.jpg","","4050","jpg","263958","f3c5543f023e5aa114bac414c144cd12e7947dd3bd0e8923b9fceb7441150631","伴手礼案例",""
"28","image-28.jpg","","4054","jpg","213581","5bed1eb8cb831fecc82f5496f7053446fb5e54e1988e66f57c8866b82cd5124a","科技馆",""
"29","image-29.jpg","","4058","jpg","205148","6ee8f331a1b49558c0c188e15ea23e8e0592da94b4fee03d63c8b47c0dc17f10","教师培训",""
"30","image-30.jpg","","4062","jpg","163409","95c0b74274b4ffb39f82db79efc548271db2a60bf848b94b0f3193ccb67dfcbe","边境教育",""
"31","image-31.jpg","","4066","jpg","367824","b5ae4dc03abaab492d208d5ef387082bf6e9e7e75115e232eb151a1e5c966c11","行业协会",""
"32","image-32.jpg","","4082","jpg","153988","615b8fe6057d00271f08c71ec535f3158717e31f7614253165df5ded59e83628","MicroPython知识库",""
"33","image-33.jpg","","4083","jpg","151787","82ced5d51c4fcd4645a0e24332255ff4344e7a0929853b662fa536a5572de430","GraftSense",""
"34","image-34.jpg","","4084","jpg","151003","c1c66b27e5459f85ea7566f7d1e54314a1cd244edd709cdc79c19fa37c82b738","GraftPort规范",""
"35","image-35.jpg","","4085","jpg","152700","4bd1f87a81eedcd9ff2243baad2cf8c83c3426fba49c81a3751c03a5284a55e8","Grove-C",""
"36","image-36.jpg","","4086","jpg","152054","b7d037f3dc9524e94dc7bbd07962c8e69767ae01bf05e362e0b073fb8001c5ab","树莓派教程",""
"37","image-37.jpg","","4087","jpg","153366","f5364a18ed77a1f810e5b02edf1ad7bae52bcb26b11fde040ab17582646939a6","GraftDevKit",""
"38","image-38.jpg","","4088","jpg","152419","1eab3731c993ca09a4cf4493747c4f21b166db131fb4babab1ab4bb0ece3af1f","教学案例",""
"39","image-39.jpg","","4102","jpg","390765","a0f434e83c665faee15c56ed28a8ed2e0bccaec6f0ea0f8405f60b5d498b5ab7","upypi软著",""
"40","image-40.jpg","","4103","jpg","627377","43701ea139ef513e6838c4eb3c4f9316c22438ea342b5692e53379ee124a2243","探鱼机器人",""
"41","image-41.jpg","","4104","jpg","625452","dac894e06fde9afd89928c1036e816cb07010e6db3e1d057a5bba0159679d8cb","探鱼app",""
"42","image-42.jpg","","4105","jpg","622597","cbe59f30375e79ee4617bb15a905b29baae19b6e207faaab0fe6b3928d146bca","探鱼界面",""
"43","image-43.jpg","","4106","jpg","622217","b3f36866b9b933a9347e182d3537053ad1efaeb252abd0757f7b50150fe9ca04","机械臂",""
"44","image-44.jpg","","4107","jpg","626492","2dbf42c43b9c8b2a36864fb4d10fefb1164f463f93525b42d4ea2efbb08dd665","水下机器人仿真",""
"45","image-45.jpg","","4108","jpg","595571","16419f628c55e4f94638e676220dbecb79f96e2580519813ee3736af423ef3e2","猪场气体",""
"46","image-46.jpg","","4109","jpg","579358","1752d0afc90185f4116c31421420d89d2b09f168828c064ae12269d62b00ebb1","猪场气体Linux",""
"47","image-47.jpg","","4110","jpg","629771","1346eda231972a764f91b2ead8a0f8b1bc969f23d0d925ad1a564f0172299216","猪场气体Windows",""
"48","image-48.jpg","","4111","jpg","625926","374eac37fc2745da6d43cc38d0f769d44f7dab5b30d3e0e30f7d96698d377fa8","生猪健康监测",""
"49","image-49.jpg","","4112","jpg","628727","5113518a37fcc208d65ba038cd1282eb0770ca1913c4af993c417ba4cbeeaa93","生猪心跳",""
"50","image-50.jpg","","4113","jpg","580651","046305b844a6b14809b8d15598e6f7c1825de38f05bd83033f27183d79e87b26","肌电可视化",""
"51","image-51.jpg","","4127","jpg","226343","232e558f30de239dbd64ffc0885b1946bbd8f8e486ef223613cb0d0217cf706c","生猪专利",""
"52","image-52.jpg","","4128","jpg","219008","0a4739f34c2ea8faee408056f05cc1ae8a2c943e31ef22071c26035dc0f8d32c","声光融合",""
"53","image-53.jpg","","4129","jpg","216223","a5424407d614781b144a1c35219f6809e70b3a94defea6c5847798dbb879a9d1","超声波除冰",""
"54","image-54.jpg","","4130","jpg","217519","c8536b68416f0888ae8f99049b336dcde967874c95828bc705f0fe01ae9b8b34","瓦斯预测",""
"55","image-55.jpg","","4131","jpg","224638","0816c94cd14364a4901ca03fea182cf9eec6ab1402e9d3e4ec3cd1f6998d9c3e","尺寸测量",""
"56","image-56.jpg","","4132","jpg","221975","ac107918998813fe1a594005e5530bf14f88cf27d3b6d763cd7b5006d067795a","PCB外观",""
"57","image-57.jpg","","4133","jpg","108394","7d04a90b745d6665b50afa1de1802122bbe82922a53867c7346134ae3c801318","营业执照",""
"58","image-58.jpg","","4134","jpg","231112","4894107bde6db4ae8b8dcc3df78b48c2ae8704dfbd6da4c6e207ec38bddcbb08","协会会员",""
"59","image-59.jpg","","4149","jpg","133652","6a983a8fd72063fc3f3ddefff506a6f489d2383b41d10b1bc4cd3001622bb66e","北京黑客松",""
"60","image-60.jpg","","4153","jpg","256433","6830aef96b51d32d58346f54d72806afaa69bb2d770da5580eba6927af357b02","上海DIIS",""
"61","image-61.jpg","","4157","jpg","87798","a2895c5e738ddf5fe75a467974838cb56fbbc9d08101e3b6e65a7201e716e68c","深圳黑客松",""
"62","image-62.jpg","","4161","jpg","212023","47a05c16ca5d73074899ef96df14b1672de01ca403124d3d2eceb313dc75bdb2","Advx二等奖",""
"63","image-63.jpg","","4165","jpg","214874","d80ea75cdeb806c0dad6ef18a0104b79729b42592f43b31aa9a95310d118ea36","大湾区创客峰会",""
"64","image-64.jpg","","4169","jpg","339547","adb356acd6deaeb470295da633d8172efef5209ce003bbb1713eecba140b6b3c","南宁展会",""
"65","image-65.jpg","","4173","jpg","108012","1d7fb1dc81598f93b77bebfa19f80232e908647ed0a3cde0d3c045f071c3080f","媒体采访",""
"66","image-66.jpg","","4177","jpg","123767","1965637a01e209ac65afd6cae6449d806dfecaa2dc25386c46a21e3b836c68ff","Fab Academy",""
"67","image-67.jpg","","4181","jpg","68787","da31973b3f0379d2166b2dded5d4da81297bda11537e5acae24c24e8e577994e","模数开源",""
"68","image-68.jpg","","4227","jpg","222416","a0a84360729f2e4a34e39fee57391cc4ed82d7ab0ebf4905a2f12f5631df0e5b","秉穹教育合作证书",""
"69","image-69-duplicate-of-image-26.jpg","image-26.jpg","4240","jpg","132463","8540a779376cbe8056e6465ccba566884a2e37c2d59b0e6fced685d42ac8618f","用友供应商资质",""